{
  "dense": {
    "mrr": 0.4,
    "ndcg@5": 0.13333333333333333,
    "precision@5": 0.08,
    "recall@5": 0.2
  },
  "sparse": {
    "mrr": 0.4,
    "ndcg@5": 0.13333333333333333,
    "precision@5": 0.08,
    "recall@5": 0.2
  },
  "hybrid": {
    "mrr": 0.4,
    "ndcg@5": 0.13333333333333333,
    "precision@5": 0.08,
    "recall@5": 0.2
  }
}