{
  "dense": {
    "mrr": 0.41833333333333333,
    "ndcg@5": 0.18292929292929297,
    "precision@5": 0.14000000000000004,
    "recall@5": 0.3833333333333333
  },
  "sparse": {
    "mrr": 0.41833333333333333,
    "ndcg@5": 0.18292929292929297,
    "precision@5": 0.14000000000000004,
    "recall@5": 0.3833333333333333
  },
  "hybrid": {
    "mrr": 0.41833333333333333,
    "ndcg@5": 0.18292929292929297,
    "precision@5": 0.14000000000000004,
    "recall@5": 0.3833333333333333
  }
}